model,RMSE,MAE,R2,MAPE
Stacking,0.1009178900679065,0.08053182638506627,0.9925523494955683,1.6168895196360549
CatBoost,0.10108464664645955,0.08066258907963035,0.9925277161860651,1.619577255440399
XGBoost,0.10254930717516934,0.08179015666246414,0.9923096299171448,1.6418025493621826
LightGBM,0.1055587128428785,0.08424505936721453,0.9918516225880544,1.6895128705885472
MLP,0.10994785020911471,0.08730567246675491,0.9911599159240723,1.729602336883545
PINN,0.1309601694480613,0.10379759222269058,0.9874581694602966,2.031287670135498
FT-Transformer,0.1323645625250142,0.10581327229738235,0.9871877431869507,2.105485677719116
Ridge,0.2924374512612045,0.23564994853013727,0.9374612862557208,4.7257970343505615
