model,best_ndcg@10,train_sec,n_epochs
NCF,0.02734917592659299,531.4,3
TwoTower,0.02862169511013223,622.9,3
SASRec,0.018506244102760288,691.6,3
