model,precision@k,recall@k,ndcg@k,map@k,mrr,coverage,n_eval_users,novelty,diversity,serendipity,rmse,mae,eval_sec
"ALS(f=64,it=15)",0.015827922150492668,0.09699675440788269,0.04945869980615554,0.028627312667491234,0.04253568851783138,0.02645787074909431,1232,10.031750080647406,0.28519857360364553,0.0,3.497079849243164,3.3384523391723633,2.62
"BPR(f=64,it=40)",0.01103896088898182,0.06777597218751907,0.03871425988941787,0.023936269583591012,0.03811037672644816,0.050952436601612715,1232,10.975418314531252,0.2791351193634721,0.0,,,1.57
SVD(k=64),0.0,0.0,0.0,0.0,0.0,0.004744653500058432,1232,21.654718388210643,0.9999247768579366,0.0,0.9289750456809998,0.7268675565719604,1.42
ItemKNN(k=50),0.0030032468494027853,0.018668830394744873,0.00940970148155969,0.005348446196660483,0.008003182333539477,0.09959097814654669,1232,12.395195875074956,0.3711768053955846,0.0,0.9935135245323181,0.7698301076889038,55.96
ContentBased(genome),0.0010551947634667158,0.006087662186473608,0.003230034549961092,0.0018430478251906823,0.0029468795093795094,0.013462662147949047,1232,15.221156741117502,0.07354524093014854,8.116883116883117e-05,,,14.63
Hybrid(ALS*0.70+Content*0.30),0.015827922150492668,0.09699675440788269,0.049393538109035566,0.028559671974850546,0.04240040713254999,0.026481243426434497,1232,10.031686817670797,0.2846633879975839,0.0,,,16.16
