{
  "accuracy": 0.6266025900840759,
  "auc": 0.5128204822540283,
  "loss": 8.301064491271973,
  "precision": 0.6260032057762146,
  "recall": 1.0
}