{
  "0": 1.944490472245236,
  "1": 0.6730714080871809
}