{
  "accuracy": 0.7580128312110901,
  "auc": 0.9018956422805786,
  "loss": 0.6857421398162842,
  "precision": 0.7276190519332886,
  "recall": 0.9794871807098389
}